12-01,0,0,0,5000,353310807,0,男,,炫金陵水
01-20,0,0,2,10000,397212720,0,女,,榴莲芒果千层蛋糕
01-01,0,0,1,10000,8365011,0,保密,,cool某某
04-28,0,0,5,10000,18923283,0,女,沙雕启示录,魔法沙雕
01-01,0,0,4,10000,95442816,0,保密,,作咩妖吖
01-01,0,0,0,5000,449783061,0,保密,,bili_56294497868
01-01,0,0,0,5000,448557366,0,保密,,bili_11513460984
01-01,0,0,0,5000,448307569,0,保密,,蛛蛛a
03-06,0,0,2,10000,437362930,0,男,,风无殇123456
09-16,0,0,1,10000,437667881,0,保密,我是什么我是什么,网易dark神APP
01-01,0,0,2,10000,416092099,0,保密,,29627684980_bili
01-01,0,0,0,5000,446914652,0,保密,,bili_10454261909
01-31,0,0,3,10000,227609468,0,保密,autobahn~新手驾驶保持车距~,茯苓杂炊
01-01,0,0,2,10000,401205851,0,保密,,54846280798_bili
01-01,0,0,4,10000,335880757,0,保密,,我昵称什么时候什么呢
05-22,0,0,3,10000,288587488,0,保密,,鸽子安陌咕咕咕
06-18,0,0,2,10000,436184506,0,保密,,45217935552_bili
01-01,0,0,0,5000,443930142,0,保密,,bili_74871707188
04-20,0,0,5,10000,35848074,1,男,爱丽她爸,爱莉我的daughter
06-06,0,0,2,10000,397852320,0,男,我爱b站,71083165768_bili
05-19,0,0,3,10000,288335517,0,男,,蕉之意志
01-01,0,0,5,10000,23248901,1,ç”·,,happyangle
05-20,0,0,4,10000,49839815,0,保密,早起早睡当鸽子,半心又双叒叕鸽了
03-01,0,0,4,10000,35305806,1,男,求求你们大地球别来锤我啦，我就是个弟弟！,人傻枪马陈大歪
12-18,0,0,4,10000,300690106,0,保密,,ramp_ant
07-27,0,0,4,10000,14701228,1,ç”·,,909200152
11-25,0,0,5,10000,28975477,1,女,,白上吹雪OfflciaI
10-09,0,0,4,10000,231327666,0,男,,肥宅派
09-12,0,0,5,10000,5042327,0,男,反论复瓜。,焰火之华
01-01,0,0,5,10000,20697900,0,保密,,永不翻身鱼先生
08-25,0,0,3,10000,284409078,0,保密,,-3690-
03-01,0,0,5,10000,9852393,0,保密,,腥红之月-劫
09-30,0,0,5,10000,28818628,1,女,,轻歌浅默笙
10-01,0,0,5,10000,32803360,0,男,boy next boor,爱笑的小黑
12-25,0,0,3,10000,382393052,0,保密,我好悲伤，我在雨中拉刀光，粉丝群1026955003,谷之歌Channel
01-01,0,0,2,10000,451645081,0,女,,毛狗是狗
,0,0,4,10000,248545787,1,保密,飞,罗辑鬼才
06-11,0,0,5,10000,35432784,0,男,化风随你,顾时羽
07-07,0,0,4,10000,146092551,1,保密,     ,丶沐小熙
07-06,0,0,5,10000,93664009,1,男,萌新一个，请多指教。。。哈哈哈,Humble7_
06-09,0,0,4,10000,148708992,1,男,,会放电的黄耗子
01-01,0,0,4,10000,8080963,1,保密,,minaziki
12-31,0,0,2,10000,310076875,0,保密,,SKTあ恋恋
06-13,0,0,4,10000,85810734,1,保密,,Strandedの羅馬
01-01,0,0,3,10000,14927828,0,保密,,zha-zi
06-06,0,0,3,10000,86895078,0,男,铜锣湾只有一个浩南哥,等爱的豪猪
11-15,0,0,3,10000,365381747,0,保密,,Hi让你蛋疼的蓝天
01-30,0,0,3,10000,393430621,0,保密,我我！谈天说地加乱逼！这么可爱一定是蓝孩纸！╰ひ╯,撩弯你的湛哥
01-01,0,0,4,10000,14823005,0,保密,,哆啦A梦666
09-02,0,0,3,10000,362393493,0,保密,,吃烂干脆面
12-20,0,0,4,10000,259515328,0,保密,耶,我的画风早已崩坏
10-07,0,0,4,10000,65241321,0,保密,这个人懒死了，什么也没有写。,阿尔托莉雅し
11-12,0,0,3,10000,59195192,0,男,I’ll try anything once.????,Frank_player2
01-01,0,0,0,5000,373024086,0,保密,我在这儿等你,二三四大佬
01-11,0,0,3,10000,35307081,0,女,,哈酷娜玛沓沓
07-22,0,0,3,10000,175942321,0,保密,,我妻由乃的大闺女的哥哥
11-07,0,0,3,10000,192515855,1,保密,,小醋仙家皮皮崎
01-01,0,0,0,5000,400769617,0,保密,,84929622108_bili
01-01,0,0,0,5000,350776531,0,保密,,32793381069_bili
12-09,0,0,5,10000,35607496,0,保密,,海蓝鲸落
01-01,0,0,1,10000,454489353,0,保密,,bili_52217447696
08-07,0,0,1,10000,452930875,0,保密,,bili_50186283948
01-01,0,0,5,10000,15913318,0,保密,露出你的牙牙来,harrietppp
09-06,0,0,5,10000,53641356,0,保密,,是糖酥啊w
11-04,0,0,1,10000,321828232,0,女,I just get beter,叶叶叶叶静
01-01,0,0,1,10000,454490178,0,保密,,吉安冬
12-31,0,0,3,10000,205393215,0,男,,神之王灬诩
01-01,0,0,2,10000,423794745,0,保密,,一条乔碧萝OVO
06-01,0,0,3,10000,302268478,0,保密,一直健康的猪,GAKEI0
01-01,0,0,0,5000,454495317,0,保密,,bili_52562853392
10-25,0,0,4,10000,115278580,0,保密,,hsh噬魂
03-28,0,0,2,10000,398004251,0,女,一个小盆友,蜜桃夫人-甜
01-01,0,0,0,5000,261112918,0,保密,,biubiubiubiiuuu
01-01,0,0,1,10000,454486284,0,保密,,bili_58036017372
01-01,0,0,0,5000,423789529,0,保密,,19495656586_bili
08-13,0,0,0,5000,454492568,0,男,欢迎和我交朋友，相识即为缘分。,JO厨一个
01-01,0,0,2,10000,444361496,0,男,,某人bala
01-01,0,0,0,5000,454495006,0,保密,,bili_27843277709
08-10,0,0,3,10000,179940839,1,保密,,可能是个假会员
01-20,0,0,5,10000,41073648,1,男,微博/公众号：朱大帅呢,朱大帅呢
07-15,0,0,3,10000,250141172,0,保密,我就想抽个奖，有这么难吗,一人终是终老
01-01,0,0,1,10000,397837381,0,保密,,状元郎纸品
01-01,0,0,4,10000,100380936,0,保密,,冬炙SZM
01-01,0,0,2,10000,46969492,0,保密,,bigbangmarhaba
09-27,0,0,3,10000,319954530,0,保密,,露西非礼他
08-08,0,0,4,10000,95165535,0,保密,,梁和林
01-01,0,0,3,10000,2637013,0,男,温文尔雅,风间乐一
07-13,0,0,2,10000,424196413,0,保密,,XXXXXXiaJy
01-01,0,0,4,10000,12422263,1,男,"愿所有等待终不被辜负，愿人生能常回味，愿结局终究圆满。
愿热爱二次元的小伙伴们都能幸福下去。",みゆきあ
08-12,0,0,3,10000,166722347,0,保密,,寻茗哼唧
10-14,0,0,4,10000,85279212,0,女,,萝卜你好甜
08-16,0,0,6,10000,5575041,0,女,狮子微信：wxrzmxq／微博：是狮子大王呀,是狮子大王呀
06-09,0,0,4,10000,31362787,0,女,高考考完了哈哈哈哈哈哈哈哈,抹茶小酥饼
03-30,0,0,3,10000,258942630,0,女,,大落子是我_-
06-05,0,0,3,10000,172446021,0,女,我的意中人是个盖世英雄 有一天他会迈着大长腿来救我,StillLand祎呀
08-09,0,0,4,10000,37394878,1,保密,,小雯菜奈
01-01,0,0,3,10000,54253791,0,保密,,_LgOt7VExo_
01-01,0,0,0,5000,134776776,0,保密,,雪路凌
12-23,0,0,3,10000,9495337,0,保密,,amyni77
01-01,0,0,1,10000,354054484,0,保密,阿米阿米阿米阿米是阿米啊,_cgzoY_
11-29,0,0,0,5000,302235240,0,保密,,呵呵の赤瞳
07-02,0,0,5,10000,3011464,1,男,,Breeze丶Q
01-01,0,0,0,5000,325654335,0,保密,,1234567中89
